{"mcc": 0.5706521154946435, "acc": 0.7653333333333333, "f1": {"f1_macro": 0.6741829769354055, "f1_micro": 0.7653333333333333, "f1_weighted": 0.7631872839030919}, "precision": {"precision_macro": 0.6909567392218664, "precision_micro": 0.7653333333333333, "precision_weighted": 0.7619317326379353}, "recall": {"recall_macro": 0.6617109209275108, "recall_micro": 0.7653333333333333, "recall_weighted": 0.7653333333333333}, "precision_recall_each_class": {"0.0": {"precision": 0.5263157894736842, "recall": 0.4166666666666667}, "1.0": {"precision": 0.8140703517587939, "recall": 0.826530612244898}, "2.0": {"precision": 0.732484076433121, "recall": 0.7419354838709677}}, "eval_loss": 1.0030179942647617}