{"mcc": 0.7301796331194036, "acc": 0.8506666666666667, "f1": {"f1_macro": 0.8200996677740863, "f1_micro": 0.8506666666666667, "f1_weighted": 0.8508538944259875}, "precision": {"precision_macro": 0.8197720125786163, "precision_micro": 0.8506666666666667, "precision_weighted": 0.8511588050314466}, "recall": {"recall_macro": 0.8205128205128206, "recall_micro": 0.8506666666666667, "recall_weighted": 0.8506666666666667}, "precision_recall_each_class": {"0.0": {"precision": 0.75, "recall": 0.75}, "1.0": {"precision": 0.8854166666666666, "recall": 0.8717948717948718}, "2.0": {"precision": 0.8238993710691824, "recall": 0.8397435897435898}}, "eval_loss": 0.49697747143606347}