{"mcc": 0.6197141820261017, "acc": 0.7914438502673797, "f1": {"f1_macro": 0.743502204579315, "f1_micro": 0.7914438502673797, "f1_weighted": 0.7906825465172691}, "precision": {"precision_macro": 0.7615990700077498, "precision_micro": 0.7914438502673797, "precision_weighted": 0.7906654376365045}, "recall": {"recall_macro": 0.7289909015715468, "recall_micro": 0.7914438502673797, "recall_weighted": 0.7914438502673797}, "precision_recall_each_class": {"0.0": {"precision": 0.7, "recall": 0.5833333333333334}, "1.0": {"precision": 0.8316326530612245, "recall": 0.8358974358974359}, "2.0": {"precision": 0.7531645569620253, "recall": 0.7677419354838709}}, "eval_loss": 0.9801316792145371}