{"mcc": 0.6860888150207295, "acc": 0.8266666666666667, "f1": {"f1_macro": 0.7822768150910288, "f1_micro": 0.8266666666666667, "f1_weighted": 0.8266837464356219}, "precision": {"precision_macro": 0.7861904417817488, "precision_micro": 0.8266666666666667, "precision_weighted": 0.8268246035355575}, "recall": {"recall_macro": 0.7786324786324785, "recall_micro": 0.8266666666666667, "recall_weighted": 0.8266666666666667}, "precision_recall_each_class": {"0.0": {"precision": 0.6956521739130435, "recall": 0.6666666666666666}, "1.0": {"precision": 0.8704663212435233, "recall": 0.8615384615384616}, "2.0": {"precision": 0.7924528301886793, "recall": 0.8076923076923077}}, "eval_loss": 0.7205608595783511}