{"mcc": 0.6510462086370736, "acc": 0.8106666666666666, "f1": {"f1_macro": 0.7650640424029532, "f1_micro": 0.8106666666666666, "f1_weighted": 0.8083128093744134}, "precision": {"precision_macro": 0.8258745569425181, "precision_micro": 0.8106666666666666, "precision_weighted": 0.8114500231160426}, "recall": {"recall_macro": 0.7297008547008547, "recall_micro": 0.8106666666666666, "recall_weighted": 0.8106666666666666}, "precision_recall_each_class": {"0.0": {"precision": 0.8666666666666667, "recall": 0.5416666666666666}, "1.0": {"precision": 0.8252427184466019, "recall": 0.8717948717948718}, "2.0": {"precision": 0.7857142857142857, "recall": 0.7756410256410257}}, "eval_loss": 0.7301846002228558}