{"mcc": 0.6551434771980182, "acc": 0.8106666666666666, "f1": {"f1_macro": 0.7615440359034912, "f1_micro": 0.8106666666666666, "f1_weighted": 0.8094632933009644}, "precision": {"precision_macro": 0.7712697444241069, "precision_micro": 0.8106666666666666, "precision_weighted": 0.809211307707952}, "recall": {"recall_macro": 0.7532051282051282, "recall_micro": 0.8106666666666666, "recall_weighted": 0.8106666666666666}, "precision_recall_each_class": {"0.0": {"precision": 0.6818181818181818, "recall": 0.625}, "1.0": {"precision": 0.8333333333333334, "recall": 0.8717948717948718}, "2.0": {"precision": 0.7986577181208053, "recall": 0.7628205128205128}}, "eval_loss": 0.5629580058157444}