{"mcc": 0.6452950528752127, "acc": 0.8021390374331551, "f1": {"f1_macro": 0.7577871188053057, "f1_micro": 0.8021390374331551, "f1_weighted": 0.8031604147415742}, "precision": {"precision_macro": 0.7539020641194553, "precision_micro": 0.8021390374331551, "precision_weighted": 0.8055873722108319}, "recall": {"recall_macro": 0.7628342983181694, "recall_micro": 0.8021390374331551, "recall_weighted": 0.8021390374331551}, "precision_recall_each_class": {"0.0": {"precision": 0.64, "recall": 0.6666666666666666}, "1.0": {"precision": 0.8641304347826086, "recall": 0.8153846153846154}, "2.0": {"precision": 0.7575757575757576, "recall": 0.8064516129032258}}, "eval_loss": 0.6698289575676123}