{"mcc": 0.6823410840196787, "acc": 0.8235294117647058, "f1": {"f1_macro": 0.7940754662862405, "f1_micro": 0.8235294117647058, "f1_weighted": 0.8233815570565992}, "precision": {"precision_macro": 0.7812133072407045, "precision_micro": 0.8235294117647058, "precision_weighted": 0.82452227466329}, "recall": {"recall_macro": 0.810401157981803, "recall_micro": 0.8235294117647058, "recall_weighted": 0.8235294117647058}, "precision_recall_each_class": {"0.0": {"precision": 0.6785714285714286, "recall": 0.7916666666666666}, "1.0": {"precision": 0.85, "recall": 0.8717948717948718}, "2.0": {"precision": 0.815068493150685, "recall": 0.7677419354838709}}, "eval_loss": 0.7058978206478059}