{"mcc": 0.6625047951982637, "acc": 0.816, "f1": {"f1_macro": 0.7971813396037851, "f1_micro": 0.816, "f1_weighted": 0.814871386757242}, "precision": {"precision_macro": 0.8362778646968193, "precision_micro": 0.816, "precision_weighted": 0.8166111289711881}, "recall": {"recall_macro": 0.7692307692307692, "recall_micro": 0.816, "recall_weighted": 0.816}, "precision_recall_each_class": {"0.0": {"precision": 0.8888888888888888, "recall": 0.6666666666666666}, "1.0": {"precision": 0.8252427184466019, "recall": 0.8717948717948718}, "2.0": {"precision": 0.7947019867549668, "recall": 0.7692307692307693}}, "eval_loss": 0.7626640475355089}