{"mcc": 0.6823152423279035, "acc": 0.8235294117647058, "f1": {"f1_macro": 0.7936011357063989, "f1_micro": 0.8235294117647058, "f1_weighted": 0.8229411080522818}, "precision": {"precision_macro": 0.7818841151484067, "precision_micro": 0.8235294117647058, "precision_weighted": 0.8246223171048942}, "recall": {"recall_macro": 0.8095188861317894, "recall_micro": 0.8235294117647058, "recall_weighted": 0.8235294117647058}, "precision_recall_each_class": {"0.0": {"precision": 0.6785714285714286, "recall": 0.7916666666666666}, "1.0": {"precision": 0.8431372549019608, "recall": 0.882051282051282}, "2.0": {"precision": 0.823943661971831, "recall": 0.7548387096774194}}, "eval_loss": 0.6271751786892613}