{"mcc": 0.5752654528634829, "acc": 0.7647058823529411, "f1": {"f1_macro": 0.7102232013312726, "f1_micro": 0.7647058823529412, "f1_weighted": 0.7644979620772799}, "precision": {"precision_macro": 0.7027003490916801, "precision_micro": 0.7647058823529411, "precision_weighted": 0.7652852687700608}, "recall": {"recall_macro": 0.7196650124069479, "recall_micro": 0.7647058823529411, "recall_weighted": 0.7647058823529411}, "precision_recall_each_class": {"0.0": {"precision": 0.5555555555555556, "recall": 0.625}, "1.0": {"precision": 0.8059701492537313, "recall": 0.8307692307692308}, "2.0": {"precision": 0.7465753424657534, "recall": 0.7032258064516129}}, "eval_loss": 1.0168857642759879}