{"mcc": 0.668012450744581, "acc": 0.8186666666666667, "f1": {"f1_macro": 0.7798628700079311, "f1_micro": 0.8186666666666667, "f1_weighted": 0.8167567733517538}, "precision": {"precision_macro": 0.8089162299688616, "precision_micro": 0.8186666666666667, "precision_weighted": 0.817718842560948}, "recall": {"recall_macro": 0.7583333333333333, "recall_micro": 0.8186666666666667, "recall_weighted": 0.8186666666666667}, "precision_recall_each_class": {"0.0": {"precision": 0.7894736842105263, "recall": 0.625}, "1.0": {"precision": 0.8277511961722488, "recall": 0.8871794871794871}, "2.0": {"precision": 0.8095238095238095, "recall": 0.7628205128205128}}, "eval_loss": 0.5309771259004871}