{"mcc": 0.6356783316131035, "acc": 0.8026666666666666, "f1": {"f1_macro": 0.7427615681727989, "f1_micro": 0.8026666666666666, "f1_weighted": 0.7988499855599117}, "precision": {"precision_macro": 0.800251781675415, "precision_micro": 0.8026666666666666, "precision_weighted": 0.8017427388725302}, "recall": {"recall_macro": 0.7098968619705947, "recall_micro": 0.8026666666666666, "recall_weighted": 0.8026666666666666}, "precision_recall_each_class": {"0.0": {"precision": 0.8, "recall": 0.5}, "1.0": {"precision": 0.8130841121495327, "recall": 0.8877551020408163}, "2.0": {"precision": 0.7876712328767124, "recall": 0.7419354838709677}}, "eval_loss": 0.5883847785492738}