{"mcc": 0.6969172739826822, "acc": 0.8346666666666667, "f1": {"f1_macro": 0.7547185114890786, "f1_micro": 0.8346666666666667, "f1_weighted": 0.8319739153709517}, "precision": {"precision_macro": 0.7826797385620914, "precision_micro": 0.8346666666666667, "precision_weighted": 0.8313333333333334}, "recall": {"recall_macro": 0.7350427350427351, "recall_micro": 0.8346666666666667, "recall_weighted": 0.8346666666666667}, "precision_recall_each_class": {"0.0": {"precision": 0.6666666666666666, "recall": 0.5}, "1.0": {"precision": 0.8578431372549019, "recall": 0.8974358974358975}, "2.0": {"precision": 0.8235294117647058, "recall": 0.8076923076923077}}, "eval_loss": 0.6224046656861901}