{"mcc": 0.6641675262754188, "acc": 0.816, "f1": {"f1_macro": 0.7748199611130878, "f1_micro": 0.816, "f1_weighted": 0.8152672381093302}, "precision": {"precision_macro": 0.8159882175761871, "precision_micro": 0.816, "precision_weighted": 0.817845942593905}, "recall": {"recall_macro": 0.7478632478632479, "recall_micro": 0.816, "recall_weighted": 0.816}, "precision_recall_each_class": {"0.0": {"precision": 0.8235294117647058, "recall": 0.5833333333333334}, "1.0": {"precision": 0.859375, "recall": 0.8461538461538461}, "2.0": {"precision": 0.7650602409638554, "recall": 0.8141025641025641}}, "eval_loss": 0.4801418570180734}