{"mcc": 0.6048567860733772, "acc": 0.7866666666666666, "f1": {"f1_macro": 0.7093277551318501, "f1_micro": 0.7866666666666666, "f1_weighted": 0.7822095347293848}, "precision": {"precision_macro": 0.7783258408258408, "precision_micro": 0.7866666666666666, "precision_weighted": 0.7852394272394272}, "recall": {"recall_macro": 0.6757662204666813, "recall_micro": 0.7866666666666666, "recall_weighted": 0.7866666666666666}, "precision_recall_each_class": {"0.0": {"precision": 0.7692307692307693, "recall": 0.4166666666666667}, "1.0": {"precision": 0.8125, "recall": 0.8622448979591837}, "2.0": {"precision": 0.7532467532467533, "recall": 0.7483870967741936}}, "eval_loss": 0.5507366769015789}