{"mcc": 0.6713858954370397, "acc": 0.8181818181818182, "f1": {"f1_macro": 0.763767110888304, "f1_micro": 0.8181818181818182, "f1_weighted": 0.8180337378488407}, "precision": {"precision_macro": 0.7581462231462232, "precision_micro": 0.8181818181818182, "precision_weighted": 0.8185096501272972}, "recall": {"recall_macro": 0.7704438930245381, "recall_micro": 0.8181818181818182, "recall_weighted": 0.8181818181818182}, "precision_recall_each_class": {"0.0": {"precision": 0.6153846153846154, "recall": 0.6666666666666666}, "1.0": {"precision": 0.855, "recall": 0.8769230769230769}, "2.0": {"precision": 0.8040540540540541, "recall": 0.7677419354838709}}, "eval_loss": 0.493851142625014}