{"mcc": 0.6025589001880076, "acc": 0.7807486631016043, "f1": {"f1_macro": 0.7240797695865245, "f1_micro": 0.7807486631016043, "f1_weighted": 0.7806704145427679}, "precision": {"precision_macro": 0.7275335672501263, "precision_micro": 0.7807486631016043, "precision_weighted": 0.7806578614764605}, "recall": {"recall_macro": 0.7208298869589193, "recall_micro": 0.7807486631016043, "recall_weighted": 0.7807486631016043}, "precision_recall_each_class": {"0.0": {"precision": 0.6086956521739131, "recall": 0.5833333333333334}, "1.0": {"precision": 0.8350515463917526, "recall": 0.8307692307692308}, "2.0": {"precision": 0.7388535031847133, "recall": 0.7483870967741936}}, "eval_loss": 0.8664877820410766}