{"mcc": 0.5751775428761825, "acc": 0.767379679144385, "f1": {"f1_macro": 0.6854811418590688, "f1_micro": 0.7673796791443851, "f1_weighted": 0.7656288172860283}, "precision": {"precision_macro": 0.6993759118171502, "precision_micro": 0.767379679144385, "precision_weighted": 0.764501652648268}, "recall": {"recall_macro": 0.6744210090984284, "recall_micro": 0.767379679144385, "recall_weighted": 0.767379679144385}, "precision_recall_each_class": {"0.0": {"precision": 0.55, "recall": 0.4583333333333333}, "1.0": {"precision": 0.8190954773869347, "recall": 0.8358974358974359}, "2.0": {"precision": 0.7290322580645161, "recall": 0.7290322580645161}}, "eval_loss": 0.660416250427564}