{"mcc": 0.6069345776720548, "acc": 0.7866666666666666, "f1": {"f1_macro": 0.7108523599935815, "f1_micro": 0.7866666666666666, "f1_weighted": 0.7833219058753411}, "precision": {"precision_macro": 0.778678625379133, "precision_micro": 0.7866666666666666, "precision_weighted": 0.7873071677335637}, "recall": {"recall_macro": 0.6784653646404798, "recall_micro": 0.7866666666666666, "recall_weighted": 0.7866666666666666}, "precision_recall_each_class": {"0.0": {"precision": 0.7692307692307693, "recall": 0.4166666666666667}, "1.0": {"precision": 0.8274111675126904, "recall": 0.8316326530612245}, "2.0": {"precision": 0.7393939393939394, "recall": 0.7870967741935484}}, "eval_loss": 0.9350549379984537}